type,status,departure.iataCode,departure.icaoCode,departure.scheduledTime,departure.estimatedTime,departure.actualTime,departure.estimatedRunway,departure.actualRunway,arrival.iataCode,arrival.icaoCode,arrival.scheduledTime,arrival.estimatedTime,airline.name,airline.iataCode,airline.icaoCode,flight.number,flight.iataNumber,flight.icaoNumber,arrival.baggage,arrival.terminal,departure.delay,arrival.delay,arrival.gate,arrival.actualTime,arrival.estimatedRunway,arrival.actualRunway
departure,active,ext,egte,2022-01-01t17:35:00.000,2022-01-01t17:35:00.000,2022-01-01t17:34:00.000,2022-01-01t17:34:00.000,2022-01-01t17:34:00.000,alc,leal,2022-01-01t20:50:00.000,2022-01-01t20:44:00.000,ryanair,fr,ryr,2797,fr2797,ryr2797,,,,,,,,
departure,active,ext,egte,2022-01-02t09:30:00.000,2022-01-02t09:30:00.000,,,,agp,lemg,2022-01-02t13:00:00.000,,ryanair,fr,ryr,3524,fr3524,ryr3524,,,,,,,,
departure,active,ext,egte,2022-01-08t17:35:00.000,2022-01-08t17:35:00.000,,,,alc,leal,2022-01-08t20:50:00.000,,ryanair,fr,ryr,2797,fr2797,ryr2797,3b,,,,,,,
departure,active,ext,egte,2022-01-09t09:30:00.000,2022-01-09t09:30:00.000,,,,agp,lemg,2022-01-09t13:00:00.000,,ryanair,fr,ryr,3524,fr3524,ryr3524,,,,,,,,
departure,active,ext,egte,2022-01-02t10:00:00.000,,,,,ace,gcrr,2022-01-02t13:50:00.000,,tui airways,by,tom,6700,by6700,tom6700,2,1,,,,,,
departure,active,ext,egte,2022-01-03t09:45:00.000,,,,,lpa,gclp,2022-01-03t13:45:00.000,,tui airways,by,tom,6170,by6170,tom6170,43,,,,,,,
departure,active,ext,egte,2022-01-04t06:00:00.000,,,,,cmf,lflb,2022-01-04t08:55:00.000,,tui airways,by,tom,6220,by6220,tom6220,,,,,,,,
departure,active,ext,egte,2022-01-04t12:30:00.000,,2022-01-04t12:38:00.000,2022-01-04t12:38:00.000,2022-01-04t12:38:00.000,tfs,gcts,2022-01-04t16:35:00.000,2022-01-04t16:23:00.000,tui airways,by,tom,6242,by6242,tom6242,a2,,8.0,,,,,
departure,active,ext,egte,2022-01-06t07:00:00.000,,,,,ace,gcrr,2022-01-06t10:50:00.000,,tui airways,by,tom,6462,by6462,tom6462,4,1,,,,,,
departure,active,ext,egte,2022-01-06t07:00:00.000,2022-01-06t07:11:00.000,,,,ace,gcrr,2022-01-06t10:29:00.000,,tui airways,by,tom,462,by462,tom462,,,11.0,,,,,
departure,active,ext,egte,2022-01-07t07:25:00.000,,,,,tfs,gcts,2022-01-07t11:30:00.000,,tui airways,by,tom,6584,by6584,tom6584,a7,,,,,,,
departure,active,ext,egte,2022-01-08t06:00:00.000,,,,,cmf,lflb,2022-01-08t08:45:00.000,,tui airways,by,tom,6620,by6620,tom6620,,,,,,,,
departure,active,ext,egte,2022-01-09t10:00:00.000,,2022-01-09t10:06:00.000,2022-01-09t10:06:00.000,2022-01-09t10:06:00.000,ace,gcrr,2022-01-09t13:50:00.000,,tui airways,by,tom,6700,by6700,tom6700,5,1,6.0,,,,,
departure,active,ext,egte,2022-01-10t09:45:00.000,,,,,lpa,gclp,2022-01-10t13:45:00.000,,tui airways,by,tom,6170,by6170,tom6170,41,,,,,,,
departure,active,ext,egte,2022-01-11t11:15:00.000,,2022-01-11t11:18:00.000,2022-01-11t11:18:00.000,2022-01-11t11:18:00.000,tfs,gcts,2022-01-11t15:20:00.000,2022-01-11t15:06:00.000,tui airways,by,tom,6242,by6242,tom6242,a7,,3.0,,,,,
departure,active,ext,egte,2022-01-13t07:00:00.000,,,,,ace,gcrr,2022-01-13t10:50:00.000,,tui airways,by,tom,6462,by6462,tom6462,2,1,,,,,,
departure,active,ext,egte,2022-01-13t07:00:00.000,2022-01-13t07:11:00.000,,,,ace,gcrr,2022-01-13t10:42:00.000,,tui airways,by,tom,462,by462,tom462,,,11.0,,,,,
departure,active,ext,egte,2022-01-14t07:25:00.000,2022-01-14t07:25:00.000,,,,tfs,gcts,2022-01-14t11:30:00.000,,tui airways,by,tom,6584,by6584,tom6584,a6,,,,,,,
departure,active,ext,egte,2022-01-15t06:00:00.000,,,,,cmf,lflb,2022-01-15t08:45:00.000,,tui airways,by,tom,6620,by6620,tom6620,,,,,,,,
departure,active,ext,egte,2022-01-15t06:00:00.000,2022-01-15t06:11:00.000,,,,cmf,lflb,2022-01-15t08:45:00.000,,tui airways,by,tom,620,by620,tom620,,,11.0,,,,,
departure,active,ext,egte,2022-01-16t10:00:00.000,,2022-01-16t09:59:00.000,2022-01-16t09:59:00.000,2022-01-16t09:59:00.000,ace,gcrr,2022-01-16t13:50:00.000,2022-01-16t13:30:00.000,tui airways,by,tom,6700,by6700,tom6700,4,1,,,,,,
departure,active,ext,egte,2022-01-17t09:45:00.000,2022-01-17t09:45:00.000,,,,lpa,gclp,2022-01-17t13:45:00.000,,tui airways,by,tom,6170,by6170,tom6170,35,,,,,,,
departure,active,ext,egte,2022-01-18t11:15:00.000,2022-01-18t11:15:00.000,,,,tfs,gcts,2022-01-18t15:20:00.000,,tui airways,by,tom,6242,by6242,tom6242,a3,,,,,,,
departure,active,ext,egte,2022-01-20t07:00:00.000,,,,,ace,gcrr,2022-01-20t10:50:00.000,,tui airways,by,tom,6462,by6462,tom6462,5,1,,,,,,
departure,active,ext,egte,2022-01-20t07:00:00.000,2022-01-20t07:11:00.000,,,,ace,gcrr,2022-01-20t10:39:00.000,,tui airways,by,tom,462,by462,tom462,,,11.0,,,,,
departure,active,ext,egte,2022-01-21t07:25:00.000,,2022-01-21t07:41:00.000,2022-01-21t07:41:00.000,2022-01-21t07:41:00.000,tfs,gcts,2022-01-21t11:30:00.000,2022-01-21t11:29:00.000,tui airways,by,tom,6584,by6584,tom6584,a7,,17.0,,,,,
departure,active,ext,egte,2022-01-22t06:00:00.000,,,,,cmf,lflb,2022-01-22t08:45:00.000,,tui airways,by,tom,6620,by6620,tom6620,,,,,,,,
departure,active,ext,egte,2022-01-22t06:00:00.000,2022-01-22t06:11:00.000,,,,cmf,lflb,2022-01-22t08:36:00.000,,tui airways,by,tom,620,by620,tom620,,,11.0,,,,,
departure,active,ext,egte,2022-01-23t10:00:00.000,,2022-01-23t10:06:00.000,2022-01-23t10:06:00.000,2022-01-23t10:06:00.000,ace,gcrr,2022-01-23t13:50:00.000,2022-01-23t13:39:00.000,tui airways,by,tom,6700,by6700,tom6700,5,1,6.0,,,,,
departure,active,ext,egte,2022-01-24t09:45:00.000,2022-01-24t09:45:00.000,,,,lpa,gclp,2022-01-24t13:45:00.000,,tui airways,by,tom,6170,by6170,tom6170,35,,,,,,,
departure,active,ext,egte,2022-01-25t11:15:00.000,,2022-01-25t11:17:00.000,2022-01-25t11:17:00.000,2022-01-25t11:17:00.000,tfs,gcts,2022-01-25t15:20:00.000,2022-01-25t14:58:00.000,tui airways,by,tom,6242,by6242,tom6242,a1,,2.0,,,,,
departure,active,ext,egte,2022-01-27t07:00:00.000,,,,,ace,gcrr,2022-01-27t10:50:00.000,,tui airways,by,tom,6462,by6462,tom6462,4,1,,,,,,
departure,active,ext,egte,2022-01-27t07:00:00.000,2022-01-27t07:11:00.000,,,,ace,gcrr,2022-01-27t10:39:00.000,,tui airways,by,tom,462,by462,tom462,,,11.0,,,,,
departure,active,ext,egte,2022-01-28t07:25:00.000,,2022-01-28t07:49:00.000,2022-01-28t07:49:00.000,2022-01-28t07:49:00.000,tfs,gcts,2022-01-28t11:30:00.000,2022-01-28t11:14:00.000,tui airways,by,tom,6584,by6584,tom6584,a5,,24.0,,,,,
departure,active,ext,egte,2022-01-29t06:00:00.000,,,,,cmf,lflb,2022-01-29t08:45:00.000,,tui airways,by,tom,6620,by6620,tom6620,,,,,,,,
departure,active,ext,egte,2022-01-29t06:00:00.000,2022-01-29t06:11:00.000,,,,cmf,lflb,2022-01-29t08:37:00.000,,tui airways,by,tom,620,by620,tom620,,,11.0,,,,,
departure,active,ext,egte,2022-01-30t10:00:00.000,,2022-01-30t10:15:00.000,2022-01-30t10:15:00.000,2022-01-30t10:15:00.000,ace,gcrr,2022-01-30t13:50:00.000,2022-01-30t13:47:00.000,tui airways,by,tom,6700,by6700,tom6700,4,1,15.0,,,,,
departure,active,ext,egte,2022-01-31t09:45:00.000,2022-01-31t09:45:00.000,2022-01-31t09:44:00.000,2022-01-31t09:44:00.000,2022-01-31t09:44:00.000,lpa,gclp,2022-01-31t13:45:00.000,2022-01-31t13:20:00.000,tui airways,by,tom,6170,by6170,tom6170,37,,,,,,,
departure,active,ext,egte,2022-02-05t17:35:00.000,2022-02-05t17:35:00.000,2022-02-05t17:47:00.000,2022-02-05t17:47:00.000,2022-02-05t17:47:00.000,alc,leal,2022-02-05t20:50:00.000,,ryanair,fr,ryr,2797,fr2797,ryr2797,,,13.0,,,,,
departure,active,ext,egte,2022-02-06t09:30:00.000,2022-02-06t09:30:00.000,2022-02-06t10:16:00.000,2022-02-06t10:16:00.000,2022-02-06t10:16:00.000,agp,lemg,2022-02-06t13:00:00.000,2022-02-06t13:22:00.000,ryanair,fr,ryr,3524,fr3524,ryr3524,,,47.0,22.0,,,,
departure,active,ext,egte,2022-02-12t17:35:00.000,2022-02-12t17:35:00.000,2022-02-12t17:36:00.000,2022-02-12t17:36:00.000,2022-02-12t17:36:00.000,alc,leal,2022-02-12t20:50:00.000,2022-02-12t20:39:00.000,ryanair,fr,ryr,2797,fr2797,ryr2797,,,1.0,,,,,
departure,active,ext,egte,2022-02-13t09:30:00.000,2022-02-13t09:30:00.000,,,,agp,lemg,2022-02-13t13:00:00.000,,ryanair,fr,ryr,3524,fr3524,ryr3524,,,,,,,,
departure,active,ext,egte,2022-02-19t17:35:00.000,2022-02-19t17:35:00.000,,,,alc,leal,2022-02-19t20:50:00.000,,ryanair,fr,ryr,2797,fr2797,ryr2797,,,,,,,,
departure,active,ext,egte,2022-02-20t09:30:00.000,2022-02-20t09:30:00.000,,,,agp,lemg,2022-02-20t13:00:00.000,,ryanair,fr,ryr,3524,fr3524,ryr3524,,,,,,,,
departure,active,ext,egte,2022-02-26t17:35:00.000,2022-02-26t17:35:00.000,2022-02-26t17:40:00.000,2022-02-26t17:40:00.000,2022-02-26t17:40:00.000,alc,leal,2022-02-26t20:50:00.000,,ryanair,fr,ryr,2797,fr2797,ryr2797,,,6.0,,,,,
departure,active,ext,egte,2022-02-27t09:30:00.000,2022-02-27t09:30:00.000,2022-02-27t09:49:00.000,2022-02-27t09:49:00.000,2022-02-27t09:49:00.000,agp,lemg,2022-02-27t13:00:00.000,2022-02-27t12:52:00.000,ryanair,fr,ryr,3524,fr3524,ryr3524,,,20.0,,,,,
departure,active,ext,egte,2022-02-01t11:15:00.000,,,,,tfs,gcts,2022-02-01t15:20:00.000,,tui airways,by,tom,6242,by6242,tom6242,a1,,,,,,,
departure,active,ext,egte,2022-02-03t07:00:00.000,,,,,ace,gcrr,2022-02-03t10:50:00.000,,tui airways,by,tom,6462,by6462,tom6462,3,1,,,,,,
departure,active,ext,egte,2022-02-03t07:00:00.000,2022-02-03t07:11:00.000,,,,ace,gcrr,2022-02-03t10:55:00.000,,tui airways,by,tom,462,by462,tom462,,,11.0,,,,,
departure,active,ext,egte,2022-02-05t06:00:00.000,,,,,cmf,lflb,2022-02-05t08:45:00.000,,tui airways,by,tom,6620,by6620,tom6620,,,,,,,,
departure,active,ext,egte,2022-02-10t07:00:00.000,,,,,ace,gcrr,2022-02-10t10:50:00.000,,tui airways,by,tom,6462,by6462,tom6462,5,1,,,,,,
departure,active,ext,egte,2022-02-12t06:00:00.000,,,,,cmf,lflb,2022-02-12t08:45:00.000,,tui airways,by,tom,6620,by6620,tom6620,,,,,,,,
departure,unknown,ext,egte,2022-02-17t07:00:00.000,,,,,ace,gcrr,2022-02-17t10:50:00.000,,tui airways,by,tom,6462,by6462,tom6462,3,1,,,,,,
departure,active,ext,egte,2022-02-19t06:00:00.000,,,,,cmf,lflb,2022-02-19t08:45:00.000,,tui airways,by,tom,6620,by6620,tom6620,,,,,,,,
departure,active,ext,egte,2022-02-24t07:00:00.000,,,,,ace,gcrr,2022-02-24t10:50:00.000,,tui airways,by,tom,6462,by6462,tom6462,5,1,,,,,,
departure,active,ext,egte,2022-02-26t06:00:00.000,,,,,cmf,lflb,2022-02-26t08:45:00.000,,tui airways,by,tom,6620,by6620,tom6620,,,,,,,,
departure,active,ext,egte,2022-02-28t09:45:00.000,,,,,lpa,gclp,2022-02-28t13:45:00.000,,tui airways,by,tom,6170,by6170,tom6170,37,,,,,,,
departure,active,ext,egte,2022-03-05t17:35:00.000,2022-03-05t17:35:00.000,2022-03-05t17:57:00.000,2022-03-05t17:57:00.000,2022-03-05t17:57:00.000,alc,leal,2022-03-05t20:50:00.000,2022-03-05t20:44:00.000,ryanair,fr,ryr,2797,fr2797,ryr2797,,,22.0,,,,,
departure,active,ext,egte,2022-03-06t09:30:00.000,2022-03-06t09:30:00.000,2022-03-06t09:32:00.000,2022-03-06t09:32:00.000,2022-03-06t09:32:00.000,agp,lemg,2022-03-06t13:00:00.000,2022-03-06t12:37:00.000,ryanair,fr,ryr,3524,fr3524,ryr3524,,,2.0,,,,,
departure,active,ext,egte,2022-03-12t17:35:00.000,2022-03-12t17:35:00.000,2022-03-12t17:36:00.000,2022-03-12t17:36:00.000,2022-03-12t17:36:00.000,alc,leal,2022-03-12t20:50:00.000,,ryanair,fr,ryr,2797,fr2797,ryr2797,,,2.0,,,,,
departure,active,ext,egte,2022-03-13t09:30:00.000,2022-03-13t09:30:00.000,2022-03-13t09:40:00.000,2022-03-13t09:40:00.000,2022-03-13t09:40:00.000,agp,lemg,2022-03-13t13:00:00.000,2022-03-13t12:48:00.000,ryanair,fr,ryr,3524,fr3524,ryr3524,,,10.0,,,,,
departure,active,ext,egte,2022-03-19t17:35:00.000,2022-03-19t17:35:00.000,,,,alc,leal,2022-03-19t20:50:00.000,,ryanair,fr,ryr,2797,fr2797,ryr2797,3b,,,,,,,
departure,active,ext,egte,2022-03-20t09:30:00.000,2022-03-20t09:30:00.000,2022-03-20t09:32:00.000,2022-03-20t09:32:00.000,2022-03-20t09:32:00.000,agp,lemg,2022-03-20t13:00:00.000,2022-03-20t12:39:00.000,ryanair,fr,ryr,3524,fr3524,ryr3524,,,3.0,,,,,
departure,active,ext,egte,2022-03-26t17:35:00.000,2022-03-26t17:35:00.000,2022-03-26t17:44:00.000,2022-03-26t17:44:00.000,2022-03-26t17:44:00.000,alc,leal,2022-03-26t20:50:00.000,2022-03-26t20:56:00.000,ryanair,fr,ryr,2797,fr2797,ryr2797,5b,,9.0,7.0,,,,
departure,active,ext,egte,2022-03-27t08:55:00.000,2022-03-27t08:55:00.000,2022-03-27t09:06:00.000,2022-03-27t09:06:00.000,2022-03-27t09:06:00.000,agp,lemg,2022-03-27t12:25:00.000,2022-03-27t12:16:00.000,ryanair,fr,ryr,3524,fr3524,ryr3524,,,11.0,,,,,
departure,active,ext,egte,2022-03-29t19:45:00.000,2022-03-29t19:45:00.000,2022-03-29t20:00:00.000,2022-03-29t20:00:00.000,2022-03-29t20:00:00.000,alc,leal,2022-03-29t23:05:00.000,2022-03-29t23:11:00.000,ryanair,fr,ryr,2797,fr2797,ryr2797,3b,,16.0,6.0,,,,
departure,active,ext,egte,2022-03-30t08:55:00.000,2022-03-30t08:55:00.000,,,,agp,lemg,2022-03-30t12:25:00.000,,ryanair,fr,ryr,3524,fr3524,ryr3524,,,,,,,,
departure,active,ext,egte,2022-03-03t07:00:00.000,,,,,ace,gcrr,2022-03-03t10:50:00.000,,tui airways,by,tom,6462,by6462,tom6462,2,1,,,,,,
departure,active,ext,egte,2022-03-05t06:00:00.000,,,,,cmf,lflb,2022-03-05t08:45:00.000,,tui airways,by,tom,6620,by6620,tom6620,,,,,,,,
departure,unknown,ext,egte,2022-03-10t07:00:00.000,,,,,ace,gcrr,2022-03-10t10:50:00.000,,tui airways,by,tom,6462,by6462,tom6462,4,1,,,,,,
departure,active,ext,egte,2022-03-12t06:00:00.000,,,,,cmf,lflb,2022-03-12t08:45:00.000,,tui airways,by,tom,6620,by6620,tom6620,,,,,,,,
departure,active,ext,egte,2022-03-17t07:00:00.000,,,,,ace,gcrr,2022-03-17t10:50:00.000,,tui airways,by,tom,6462,by6462,tom6462,4,1,,,,,,
departure,unknown,ext,egte,2022-03-24t07:00:00.000,,,,,ace,gcrr,2022-03-24t10:50:00.000,,tui airways,by,tom,6462,by6462,tom6462,3,1,,,,,,
departure,active,ext,egte,2022-03-26t09:00:00.000,,,,,pfo,lcph,2022-03-26t15:35:00.000,,tui airways,by,tom,6682,by6682,tom6682,,,,,,,,
departure,active,ext,egte,2022-04-02t16:40:00.000,2022-04-02t16:40:00.000,2022-04-02t16:54:00.000,2022-04-02t16:54:00.000,2022-04-02t16:54:00.000,alc,leal,2022-04-02t20:00:00.000,2022-04-02t19:48:00.000,ryanair,fr,ryr,2797,fr2797,ryr2797,6b,,15.0,,,,,
departure,active,ext,egte,2022-04-03t08:55:00.000,2022-04-03t08:55:00.000,,,,agp,lemg,2022-04-03t12:25:00.000,,ryanair,fr,ryr,3524,fr3524,ryr3524,,,,,,,,
departure,active,ext,egte,2022-04-05t19:45:00.000,2022-04-05t19:45:00.000,2022-04-05t19:40:00.000,2022-04-05t19:40:00.000,2022-04-05t19:40:00.000,alc,leal,2022-04-05t23:05:00.000,2022-04-05t22:50:00.000,ryanair,fr,ryr,2797,fr2797,ryr2797,3b,,,,,,,
departure,active,ext,egte,2022-04-06t08:55:00.000,2022-04-06t08:55:00.000,,,,agp,lemg,2022-04-06t12:25:00.000,,ryanair,fr,ryr,3524,fr3524,ryr3524,,,,,,,,
departure,active,ext,egte,2022-04-09t16:40:00.000,2022-04-09t16:40:00.000,,,,alc,leal,2022-04-09t20:00:00.000,,ryanair,fr,ryr,2797,fr2797,ryr2797,6b,,,,,,,
departure,active,ext,egte,2022-04-10t08:55:00.000,2022-04-10t08:55:00.000,2022-04-10t09:10:00.000,2022-04-10t09:10:00.000,2022-04-10t09:10:00.000,agp,lemg,2022-04-10t12:25:00.000,2022-04-10t12:22:00.000,ryanair,fr,ryr,3524,fr3524,ryr3524,,,16.0,,,,,
departure,active,ext,egte,2022-04-12t19:45:00.000,2022-04-12t19:45:00.000,,,,alc,leal,2022-04-12t23:05:00.000,,ryanair,fr,ryr,2797,fr2797,ryr2797,3b,,,,,,,
departure,active,ext,egte,2022-04-13t08:55:00.000,2022-04-13t08:55:00.000,2022-04-13t09:13:00.000,2022-04-13t09:13:00.000,2022-04-13t09:13:00.000,agp,lemg,2022-04-13t12:25:00.000,2022-04-13t12:18:00.000,ryanair,fr,ryr,3524,fr3524,ryr3524,,,18.0,,,,,
departure,active,ext,egte,2022-04-16t16:40:00.000,2022-04-16t16:40:00.000,2022-04-16t16:47:00.000,2022-04-16t16:47:00.000,2022-04-16t16:47:00.000,alc,leal,2022-04-16t20:00:00.000,2022-04-16t19:59:00.000,ryanair,fr,ryr,2797,fr2797,ryr2797,5b,,8.0,,,,,
departure,active,ext,egte,2022-04-17t08:55:00.000,2022-04-17t08:55:00.000,,,,agp,lemg,2022-04-17t12:25:00.000,,ryanair,fr,ryr,3524,fr3524,ryr3524,,,,,,,,
departure,active,ext,egte,2022-04-19t19:45:00.000,2022-04-19t19:45:00.000,2022-04-19t19:38:00.000,2022-04-19t19:38:00.000,2022-04-19t19:38:00.000,alc,leal,2022-04-19t23:05:00.000,2022-04-19t22:39:00.000,ryanair,fr,ryr,2797,fr2797,ryr2797,3b,,,,,,,
departure,active,ext,egte,2022-04-20t08:55:00.000,2022-04-20t08:55:00.000,,,,agp,lemg,2022-04-20t12:25:00.000,,ryanair,fr,ryr,3524,fr3524,ryr3524,,,,,,,,
departure,active,ext,egte,2022-04-23t16:40:00.000,2022-04-23t16:40:00.000,2022-04-23t16:42:00.000,2022-04-23t16:42:00.000,2022-04-23t16:42:00.000,alc,leal,2022-04-23t20:00:00.000,2022-04-23t19:48:00.000,ryanair,fr,ryr,2797,fr2797,ryr2797,6b,,2.0,,,,,
departure,active,ext,egte,2022-04-24t08:55:00.000,2022-04-24t08:55:00.000,,,,agp,lemg,2022-04-24t12:25:00.000,,ryanair,fr,ryr,3524,fr3524,ryr3524,,,,,,,,
departure,active,ext,egte,2022-04-26t19:45:00.000,2022-04-26t19:45:00.000,2022-04-26t19:37:00.000,2022-04-26t19:37:00.000,2022-04-26t19:37:00.000,alc,leal,2022-04-26t23:05:00.000,2022-04-26t22:41:00.000,ryanair,fr,ryr,2797,fr2797,ryr2797,3b,,,,,,,
departure,active,ext,egte,2022-04-27t08:55:00.000,2022-04-27t08:55:00.000,2022-04-27t08:50:00.000,2022-04-27t08:50:00.000,2022-04-27t08:50:00.000,agp,lemg,2022-04-27t12:25:00.000,2022-04-27t12:01:00.000,ryanair,fr,ryr,3524,fr3524,ryr3524,,,,,,,,
departure,active,ext,egte,2022-04-30t16:40:00.000,2022-04-30t16:40:00.000,,,,alc,leal,2022-04-30t20:00:00.000,,ryanair,fr,ryr,2797,fr2797,ryr2797,6b,,,,,,,
departure,active,ext,egte,2022-04-02t13:20:00.000,,,,,pfo,lcph,2022-04-02t19:55:00.000,,tui airways,by,tom,6682,by6682,tom6682,,,,,,,,
departure,active,ext,egte,2022-04-05t13:55:00.000,,,,,tfs,gcts,2022-04-05t18:00:00.000,,tui airways,by,tom,6242,by6242,tom6242,a4,,,,,,,
departure,active,ext,egte,2022-04-09t06:25:00.000,,,,,pmi,lepa,2022-04-09t09:35:00.000,,tui airways,by,tom,6600,by6600,tom6600,06,,,,,,,
departure,active,ext,egte,2022-04-12t16:20:00.000,,,,,tfs,gcts,2022-04-12t20:25:00.000,,tui airways,by,tom,6242,by6242,tom6242,a4,,,,,,,
departure,active,ext,egte,2022-04-16t06:25:00.000,,,,,pmi,lepa,2022-04-16t09:35:00.000,,tui airways,by,tom,6600,by6600,tom6600,06,,,,,,,
departure,active,ext,egte,2022-04-16t13:20:00.000,,,,,pfo,lcph,2022-04-16t19:55:00.000,,tui airways,by,tom,6682,by6682,tom6682,,,,,,,,
departure,active,ext,egte,2022-04-30t06:25:00.000,,,,,pmi,lepa,2022-04-30t09:35:00.000,,tui airways,by,tom,6600,by6600,tom6600,05,,,,,,,
departure,active,ext,egte,2022-05-01t08:55:00.000,2022-05-01t08:55:00.000,2022-05-01t09:10:00.000,2022-05-01t09:10:00.000,2022-05-01t09:10:00.000,agp,lemg,2022-05-01t12:25:00.000,2022-05-01t12:20:00.000,ryanair,fr,ryr,3524,fr3524,ryr3524,,,16.0,,,,,
departure,active,ext,egte,2022-05-03t19:45:00.000,2022-05-03t19:45:00.000,2022-05-03t19:43:00.000,2022-05-03t19:43:00.000,2022-05-03t19:43:00.000,alc,leal,2022-05-03t23:05:00.000,2022-05-03t22:43:00.000,ryanair,fr,ryr,2797,fr2797,ryr2797,3b,,,,,,,
departure,active,ext,egte,2022-05-04t08:55:00.000,2022-05-04t08:55:00.000,,,,agp,lemg,2022-05-04t12:25:00.000,,ryanair,fr,ryr,3524,fr3524,ryr3524,,,,,,,,
departure,active,ext,egte,2022-05-07t16:40:00.000,2022-05-07t16:40:00.000,,,,alc,leal,2022-05-07t20:00:00.000,,ryanair,fr,ryr,2797,fr2797,ryr2797,6b,,,,,,,
departure,active,ext,egte,2022-05-08t08:55:00.000,2022-05-08t08:55:00.000,,,,agp,lemg,2022-05-08t12:25:00.000,,ryanair,fr,ryr,3524,fr3524,ryr3524,,,,,,,,
departure,active,ext,egte,2022-05-10t19:45:00.000,2022-05-10t19:45:00.000,2022-05-10t19:53:00.000,2022-05-10t19:53:00.000,2022-05-10t19:53:00.000,alc,leal,2022-05-10t23:05:00.000,2022-05-10t22:54:00.000,ryanair,fr,ryr,2797,fr2797,ryr2797,3b,,9.0,,,,,
departure,active,ext,egte,2022-05-11t08:55:00.000,2022-05-11t08:55:00.000,2022-05-11t08:50:00.000,2022-05-11t08:50:00.000,2022-05-11t08:50:00.000,agp,lemg,2022-05-11t12:25:00.000,2022-05-11t12:08:00.000,ryanair,fr,ryr,3524,fr3524,ryr3524,,,,,,,,
departure,active,ext,egte,2022-05-14t16:40:00.000,2022-05-14t16:40:00.000,,,,alc,leal,2022-05-14t20:00:00.000,,ryanair,fr,ryr,2797,fr2797,ryr2797,6b,,,,,,,
departure,active,ext,egte,2022-05-15t08:55:00.000,2022-05-15t08:55:00.000,,,,agp,lemg,2022-05-15t12:25:00.000,,ryanair,fr,ryr,3524,fr3524,ryr3524,,,,,,,,
departure,active,ext,egte,2022-05-17t19:45:00.000,2022-05-17t19:45:00.000,,,,alc,leal,2022-05-17t23:05:00.000,,ryanair,fr,ryr,2797,fr2797,ryr2797,6b,,,,,,,
departure,active,ext,egte,2022-05-18t08:55:00.000,2022-05-18t08:55:00.000,2022-05-18t08:50:00.000,2022-05-18t08:50:00.000,2022-05-18t08:50:00.000,agp,lemg,2022-05-18t12:25:00.000,2022-05-18t12:10:00.000,ryanair,fr,ryr,3524,fr3524,ryr3524,,,,,,,,
departure,active,ext,egte,2022-05-21t16:40:00.000,2022-05-21t16:50:00.000,,,,alc,leal,2022-05-21t20:00:00.000,,ryanair,fr,ryr,2797,fr2797,ryr2797,5b,,10.0,,,,,
departure,active,ext,egte,2022-05-22t08:55:00.000,2022-05-22t08:55:00.000,,,,agp,lemg,2022-05-22t12:25:00.000,,ryanair,fr,ryr,3524,fr3524,ryr3524,,,,,,,,
departure,active,ext,egte,2022-05-24t19:45:00.000,2022-05-24t19:45:00.000,,,,alc,leal,2022-05-24t23:05:00.000,,ryanair,fr,ryr,2797,fr2797,ryr2797,6b,,,,,,,
departure,active,ext,egte,2022-05-25t08:55:00.000,2022-05-25t08:55:00.000,,,,agp,lemg,2022-05-25t12:25:00.000,,ryanair,fr,ryr,3524,fr3524,ryr3524,,,,,,,,
departure,active,ext,egte,2022-05-28t16:40:00.000,2022-05-28t16:40:00.000,,,,alc,leal,2022-05-28t20:00:00.000,,ryanair,fr,ryr,2797,fr2797,ryr2797,5b,,,,,,,
departure,active,ext,egte,2022-05-29t08:55:00.000,2022-05-29t08:55:00.000,,,,agp,lemg,2022-05-29t12:25:00.000,,ryanair,fr,ryr,3524,fr3524,ryr3524,,,,,,,,
departure,active,ext,egte,2022-05-31t19:45:00.000,2022-05-31t19:45:00.000,,,,alc,leal,2022-05-31t23:05:00.000,,ryanair,fr,ryr,2797,fr2797,ryr2797,6b,,,,,,,
departure,active,ext,egte,2022-05-02t06:00:00.000,,,,,mah,lemh,2022-05-02t09:10:00.000,,tui airways,by,tom,6138,by6138,tom6138,05,ter1,,,,,,
departure,active,ext,egte,2022-05-03t15:15:00.000,,,,,her,lgir,2022-05-03t21:20:00.000,,tui airways,by,tom,6264,by6264,tom6264,,,,,,,,
departure,unknown,ext,egte,2022-05-04t13:50:00.000,,,,,rho,lgrp,2022-05-04t19:55:00.000,,tui airways,by,tom,6340,by6340,tom6340,,,,,,,,
departure,active,ext,egte,2022-05-06t06:00:00.000,,,,,mah,lemh,2022-05-06t09:10:00.000,,tui airways,by,tom,6500,by6500,tom6500,06,ter1,,,,,,
departure,active,ext,egte,2022-05-08t07:50:00.000,,,,,zth,lgza,2022-05-08t13:15:00.000,,tui airways,by,tom,6788,by6788,tom6788,,,,,,,,
departure,active,ext,egte,2022-05-09t13:10:00.000,,,,,dlm,ltbs,2022-05-09t19:35:00.000,,tui airways,by,tom,676,by676,tom676,,i,,,,,,
departure,active,ext,egte,2022-05-09t15:05:00.000,,,,,cfu,lgkr,2022-05-09t20:20:00.000,,tui airways,by,tom,6128,by6128,tom6128,,,,,,,,
departure,active,ext,egte,2022-05-10t14:35:00.000,,,,,her,lgir,2022-05-10t20:40:00.000,,tui airways,by,tom,6264,by6264,tom6264,,,,,,,,
departure,active,ext,egte,2022-05-11t13:50:00.000,,,,,rho,lgrp,2022-05-11t19:55:00.000,,tui airways,by,tom,6340,by6340,tom6340,,,,,,,,
departure,active,ext,egte,2022-05-12t06:55:00.000,,,,,zth,lgza,2022-05-12t12:25:00.000,,tui airways,by,tom,6442,by6442,tom6442,,,,,,,,
departure,active,ext,egte,2022-05-13t06:00:00.000,,,,,mah,lemh,2022-05-13t09:10:00.000,,tui airways,by,tom,6500,by6500,tom6500,06,ter1,,,,,,
departure,active,ext,egte,2022-05-13t12:40:00.000,,,,,cfu,lgkr,2022-05-13t17:55:00.000,,tui airways,by,tom,6542,by6542,tom6542,,,,,,,,
departure,active,ext,egte,2022-05-21t13:20:00.000,,,,,pfo,lcph,2022-05-21t19:55:00.000,,tui airways,by,tom,6682,by6682,tom6682,,,,,,,,
departure,active,ext,egte,2022-05-25t13:50:00.000,,,,,rho,lgrp,2022-05-25t19:55:00.000,,tui airways,by,tom,6340,by6340,tom6340,,,,,,,,
departure,active,ext,egte,2022-06-01t08:55:00.000,2022-06-01t08:55:00.000,2022-06-01t09:13:00.000,2022-06-01t09:13:00.000,2022-06-01t09:13:00.000,agp,lemg,2022-06-01t12:25:00.000,2022-06-01t12:31:00.000,ryanair,fr,ryr,3524,fr3524,ryr3524,,,18.0,6.0,,,,
departure,active,ext,egte,2022-06-04t16:40:00.000,2022-06-04t17:25:00.000,,,,alc,leal,2022-06-04t20:00:00.000,,ryanair,fr,ryr,2797,fr2797,ryr2797,5b,,45.0,,,,,
departure,active,ext,egte,2022-06-05t08:55:00.000,2022-06-05t08:55:00.000,,,,agp,lemg,2022-06-05t12:25:00.000,,ryanair,fr,ryr,3524,fr3524,ryr3524,,,,,,,,
departure,active,ext,egte,2022-06-07t19:45:00.000,2022-06-07t19:45:00.000,,,,alc,leal,2022-06-07t23:05:00.000,,ryanair,fr,ryr,2797,fr2797,ryr2797,6b,,,,,,,
departure,active,ext,egte,2022-06-08t08:55:00.000,2022-06-08t08:55:00.000,2022-06-08t09:06:00.000,2022-06-08t09:06:00.000,2022-06-08t09:06:00.000,agp,lemg,2022-06-08t12:25:00.000,2022-06-08t12:25:00.000,ryanair,fr,ryr,3524,fr3524,ryr3524,,,11.0,,,,,
departure,active,ext,egte,2022-06-11t16:40:00.000,2022-06-11t16:40:00.000,,,,alc,leal,2022-06-11t20:00:00.000,,ryanair,fr,ryr,2797,fr2797,ryr2797,5b,,,,,,,
departure,active,ext,egte,2022-06-12t08:55:00.000,2022-06-12t08:55:00.000,2022-06-12t08:56:00.000,2022-06-12t08:56:00.000,2022-06-12t08:56:00.000,agp,lemg,2022-06-12t12:25:00.000,2022-06-12t12:14:00.000,ryanair,fr,ryr,3524,fr3524,ryr3524,,,2.0,,,,,
departure,active,ext,egte,2022-06-14t19:45:00.000,2022-06-14t19:45:00.000,2022-06-14t20:05:00.000,2022-06-14t20:05:00.000,2022-06-14t20:05:00.000,alc,leal,2022-06-14t23:05:00.000,2022-06-14t23:05:00.000,ryanair,fr,ryr,2797,fr2797,ryr2797,6b,,21.0,,,,,
departure,active,ext,egte,2022-06-15t08:55:00.000,2022-06-15t08:55:00.000,,,,agp,lemg,2022-06-15t12:25:00.000,,ryanair,fr,ryr,3524,fr3524,ryr3524,,,,,,,,
departure,active,ext,egte,2022-06-18t16:40:00.000,2022-06-18t16:55:00.000,2022-06-18t16:54:00.000,2022-06-18t16:54:00.000,2022-06-18t16:54:00.000,alc,leal,2022-06-18t20:00:00.000,,ryanair,fr,ryr,2797,fr2797,ryr2797,5b,n,14.0,,45,,,
departure,active,ext,egte,2022-06-19t08:55:00.000,2022-06-19t08:55:00.000,2022-06-19t08:55:00.000,2022-06-19t08:55:00.000,2022-06-19t08:55:00.000,agp,lemg,2022-06-19t12:25:00.000,2022-06-19t12:12:00.000,ryanair,fr,ryr,3524,fr3524,ryr3524,,,1.0,,,,,
departure,active,ext,egte,2022-06-21t19:45:00.000,2022-06-21t19:45:00.000,,,,alc,leal,2022-06-21t23:05:00.000,,ryanair,fr,ryr,2797,fr2797,ryr2797,6a,,,,,,,
departure,active,ext,egte,2022-06-22t08:55:00.000,2022-06-22t08:55:00.000,2022-06-22t08:53:00.000,2022-06-22t08:53:00.000,2022-06-22t08:53:00.000,agp,lemg,2022-06-22t12:25:00.000,2022-06-22t12:05:00.000,ryanair,fr,ryr,3524,fr3524,ryr3524,,,,,45,,,
departure,active,ext,egte,2022-06-25t16:40:00.000,2022-06-25t16:40:00.000,2022-06-25t16:31:00.000,2022-06-25t16:31:00.000,2022-06-25t16:31:00.000,alc,leal,2022-06-25t20:00:00.000,2022-06-25t19:36:00.000,ryanair,fr,ryr,2797,fr2797,ryr2797,5b,n,,,45,,,
departure,active,ext,egte,2022-06-26t08:55:00.000,2022-06-26t08:55:00.000,,,,agp,lemg,2022-06-26t12:25:00.000,,ryanair,fr,ryr,3524,fr3524,ryr3524,,,,,45,,,
departure,active,ext,egte,2022-06-28t19:45:00.000,2022-06-28t23:45:00.000,,,,alc,leal,2022-06-28t23:05:00.000,,ryanair,fr,ryr,2797,fr2797,ryr2797,5b,,240.0,,,,,
departure,active,ext,egte,2022-06-29t08:55:00.000,2022-06-29t08:55:00.000,,,,agp,lemg,2022-06-29t12:25:00.000,,ryanair,fr,ryr,3524,fr3524,ryr3524,,,,,,,,
departure,active,ext,egte,2022-06-01t13:50:00.000,,,,,rho,lgrp,2022-06-01t19:55:00.000,,tui airways,by,tom,6340,by6340,tom6340,,,,,,,,
departure,active,ext,egte,2022-06-20t15:05:00.000,,,,,cfu,lgkr,2022-06-20t20:20:00.000,,tui airways,by,tom,6128,by6128,tom6128,,,,,,,,
departure,active,ext,egte,2022-06-22t13:50:00.000,,,,,rho,lgrp,2022-06-22t19:55:00.000,,tui airways,by,tom,6340,by6340,tom6340,,,,,,,,
departure,active,ext,egte,2022-06-25t13:20:00.000,,,,,pfo,lcph,2022-06-25t19:55:00.000,,tui airways,by,tom,6682,by6682,tom6682,,,,,,,,
departure,active,ext,egte,2022-06-29t13:50:00.000,,,,,rho,lgrp,2022-06-29t19:55:00.000,,tui airways,by,tom,6340,by6340,tom6340,,,,,,,,
departure,active,ext,egte,2022-07-02t16:40:00.000,2022-07-02t16:40:00.000,,,,alc,leal,2022-07-02t20:00:00.000,,ryanair,fr,ryr,2797,fr2797,ryr2797,7b,n,,,c45,,,
departure,active,ext,egte,2022-07-03t08:55:00.000,2022-07-03t08:55:00.000,,,,agp,lemg,2022-07-03t12:25:00.000,,ryanair,fr,ryr,3524,fr3524,ryr3524,,,,,45,,,
departure,active,ext,egte,2022-07-05t19:45:00.000,2022-07-05t19:45:00.000,2022-07-05t19:59:00.000,2022-07-05t19:59:00.000,2022-07-05t19:59:00.000,alc,leal,2022-07-05t23:05:00.000,2022-07-05t23:02:00.000,ryanair,fr,ryr,2797,fr2797,ryr2797,6b,n,14.0,,45,,,
departure,active,ext,egte,2022-07-06t08:55:00.000,2022-07-06t08:55:00.000,,,,agp,lemg,2022-07-06t12:25:00.000,,ryanair,fr,ryr,3524,fr3524,ryr3524,,,,,,,,
departure,active,ext,egte,2022-07-09t16:40:00.000,2022-07-09t16:40:00.000,2022-07-09t17:01:00.000,2022-07-09t17:01:00.000,2022-07-09t17:01:00.000,alc,leal,2022-07-09t20:00:00.000,2022-07-09t20:08:00.000,ryanair,fr,ryr,2797,fr2797,ryr2797,7b,n,21.0,8.0,c45,,,
departure,active,ext,egte,2022-07-10t08:55:00.000,2022-07-10t10:45:00.000,,,,agp,lemg,2022-07-10t12:25:00.000,,ryanair,fr,ryr,3524,fr3524,ryr3524,,,110.0,,,,,
departure,active,ext,egte,2022-07-12t19:45:00.000,2022-07-12t19:45:00.000,,,,alc,leal,2022-07-12t23:05:00.000,,ryanair,fr,ryr,2797,fr2797,ryr2797,3b,,,,,,,
departure,active,ext,egte,2022-07-13t08:55:00.000,2022-07-13t08:55:00.000,,,,agp,lemg,2022-07-13t12:25:00.000,,ryanair,fr,ryr,3524,fr3524,ryr3524,,,,,,,,
departure,active,ext,egte,2022-07-16t16:40:00.000,2022-07-16t16:40:00.000,,,,alc,leal,2022-07-16t20:00:00.000,,ryanair,fr,ryr,2797,fr2797,ryr2797,7b,n,,,c45,,,
departure,active,ext,egte,2022-07-17t08:55:00.000,2022-07-17t08:55:00.000,,,,agp,lemg,2022-07-17t12:25:00.000,,ryanair,fr,ryr,3524,fr3524,ryr3524,,,,,45,,,
departure,active,ext,egte,2022-07-19t19:45:00.000,2022-07-19t19:45:00.000,2022-07-19t19:58:00.000,2022-07-19t19:58:00.000,2022-07-19t19:58:00.000,alc,leal,2022-07-19t23:05:00.000,2022-07-19t23:02:00.000,ryanair,fr,ryr,2797,fr2797,ryr2797,6b,n,13.0,,c45,,,
departure,active,ext,egte,2022-07-20t08:55:00.000,2022-07-20t08:55:00.000,,,,agp,lemg,2022-07-20t12:25:00.000,,ryanair,fr,ryr,3524,fr3524,ryr3524,,,,,,,,
departure,active,ext,egte,2022-07-23t16:40:00.000,2022-07-23t16:40:00.000,,,,alc,leal,2022-07-23t20:00:00.000,,ryanair,fr,ryr,2797,fr2797,ryr2797,7b,n,,,c45,,,
departure,active,ext,egte,2022-07-24t08:55:00.000,2022-07-24t08:55:00.000,,,,agp,lemg,2022-07-24t12:25:00.000,,ryanair,fr,ryr,3524,fr3524,ryr3524,,,,,,,,
departure,active,ext,egte,2022-07-26t19:45:00.000,2022-07-26t19:45:00.000,,,,alc,leal,2022-07-26t23:05:00.000,,ryanair,fr,ryr,2797,fr2797,ryr2797,3b,n,,,c45,,,
departure,active,ext,egte,2022-07-27t08:55:00.000,2022-07-27t08:55:00.000,,,,agp,lemg,2022-07-27t12:25:00.000,,ryanair,fr,ryr,3524,fr3524,ryr3524,,,,,,,,
departure,active,ext,egte,2022-07-30t16:40:00.000,2022-07-30t16:40:00.000,,,,alc,leal,2022-07-30t20:00:00.000,,ryanair,fr,ryr,2797,fr2797,ryr2797,3b,,,,,,,
departure,active,ext,egte,2022-07-31t08:55:00.000,2022-07-31t08:55:00.000,,,,agp,lemg,2022-07-31t12:25:00.000,,ryanair,fr,ryr,3524,fr3524,ryr3524,,,,,,,,
departure,active,ext,egte,2022-07-06t13:50:00.000,,,,,rho,lgrp,2022-07-06t19:55:00.000,,tui airways,by,tom,6340,by6340,tom6340,,,,,,,,
departure,active,ext,egte,2022-07-13t13:50:00.000,,,,,rho,lgrp,2022-07-13t19:55:00.000,,tui airways,by,tom,6340,by6340,tom6340,,,,,,,,
departure,active,ext,egte,2022-07-20t13:50:00.000,,,,,rho,lgrp,2022-07-20t19:55:00.000,,tui airways,by,tom,6340,by6340,tom6340,,,,,,,,
departure,active,ext,egte,2022-07-27t13:50:00.000,,,,,rho,lgrp,2022-07-27t19:55:00.000,,tui airways,by,tom,6340,by6340,tom6340,,,,,,,,
departure,active,ext,egte,2022-08-02t19:45:00.000,2022-08-02t19:45:00.000,2022-08-02t19:39:00.000,2022-08-02t19:39:00.000,2022-08-02t19:39:00.000,alc,leal,2022-08-02t23:05:00.000,2022-08-02t22:41:00.000,ryanair,fr,ryr,2797,fr2797,ryr2797,2a,n,,,45,,,
departure,active,ext,egte,2022-08-03t08:55:00.000,,,,,agp,lemg,2022-08-03t12:25:00.000,,ryanair,fr,ryr,3524,fr3524,ryr3524,,,,,,,,
departure,active,ext,egte,2022-08-06t16:40:00.000,2022-08-06t16:40:00.000,2022-08-06t17:03:00.000,2022-08-06t17:03:00.000,2022-08-06t17:03:00.000,alc,leal,2022-08-06t20:00:00.000,2022-08-06t19:44:00.000,ryanair,fr,ryr,2797,fr2797,ryr2797,7b,,24.0,,,,,
departure,active,ext,egte,2022-08-07t08:55:00.000,2022-08-07t08:55:00.000,,,,agp,lemg,2022-08-07t12:25:00.000,,ryanair,fr,ryr,3524,fr3524,ryr3524,,,,,,,,
departure,active,ext,egte,2022-08-09t19:45:00.000,2022-08-09t19:45:00.000,,,,alc,leal,2022-08-09t23:05:00.000,,ryanair,fr,ryr,2797,fr2797,ryr2797,5b,,,,,,,
departure,active,ext,egte,2022-08-10t08:55:00.000,2022-08-10t08:55:00.000,,,,agp,lemg,2022-08-10t12:25:00.000,,ryanair,fr,ryr,3524,fr3524,ryr3524,,,,,,,,
departure,active,ext,egte,2022-08-13t16:40:00.000,2022-08-13t16:40:00.000,2022-08-13t16:43:00.000,2022-08-13t16:43:00.000,2022-08-13t16:43:00.000,alc,leal,2022-08-13t20:00:00.000,2022-08-13t19:44:00.000,ryanair,fr,ryr,2797,fr2797,ryr2797,7b,,3.0,,,,,
departure,active,ext,egte,2022-08-14t08:55:00.000,2022-08-14t08:55:00.000,,,,agp,lemg,2022-08-14t12:25:00.000,,ryanair,fr,ryr,3524,fr3524,ryr3524,,,,,45,,,
departure,active,ext,egte,2022-08-16t19:45:00.000,2022-08-16t19:45:00.000,2022-08-16t20:11:00.000,2022-08-16t20:11:00.000,2022-08-16t20:11:00.000,alc,leal,2022-08-16t23:05:00.000,2022-08-16t23:09:00.000,ryanair,fr,ryr,2797,fr2797,ryr2797,4b,n,27.0,4.0,45,,,
departure,active,ext,egte,2022-08-17t08:55:00.000,2022-08-17t08:55:00.000,,,,agp,lemg,2022-08-17t12:25:00.000,,ryanair,fr,ryr,3524,fr3524,ryr3524,,,,,,,,
departure,active,ext,egte,2022-08-20t16:40:00.000,2022-08-20t16:40:00.000,,,,alc,leal,2022-08-20t20:00:00.000,,ryanair,fr,ryr,2797,fr2797,ryr2797,7b,,,,,,,
departure,active,ext,egte,2022-08-21t08:55:00.000,2022-08-21t08:55:00.000,,,,agp,lemg,2022-08-21t12:25:00.000,,ryanair,fr,ryr,3524,fr3524,ryr3524,,,,,,,,
departure,active,ext,egte,2022-08-23t19:45:00.000,2022-08-23t19:45:00.000,2022-08-23t19:40:00.000,2022-08-23t19:40:00.000,2022-08-23t19:40:00.000,alc,leal,2022-08-23t23:05:00.000,2022-08-23t22:39:00.000,ryanair,fr,ryr,2797,fr2797,ryr2797,5b,,,,,,,
departure,active,ext,egte,2022-08-24t08:55:00.000,2022-08-24t08:55:00.000,,,,agp,lemg,2022-08-24t12:25:00.000,,ryanair,fr,ryr,3524,fr3524,ryr3524,,,,,45,,,
departure,active,ext,egte,2022-08-27t16:40:00.000,2022-08-27t16:40:00.000,2022-08-27t16:55:00.000,2022-08-27t16:55:00.000,2022-08-27t16:55:00.000,alc,leal,2022-08-27t20:00:00.000,2022-08-27t19:55:00.000,ryanair,fr,ryr,2797,fr2797,ryr2797,7b,n,15.0,,c45,,,
departure,active,ext,egte,2022-08-28t08:55:00.000,2022-08-28t08:55:00.000,2022-08-28t09:01:00.000,2022-08-28t09:01:00.000,2022-08-28t09:01:00.000,agp,lemg,2022-08-28t12:25:00.000,2022-08-28t12:12:00.000,ryanair,fr,ryr,3524,fr3524,ryr3524,,,6.0,,45,,,
departure,active,ext,egte,2022-08-30t19:45:00.000,2022-08-30t19:45:00.000,2022-08-30t20:19:00.000,2022-08-30t20:19:00.000,2022-08-30t20:19:00.000,alc,leal,2022-08-30t23:05:00.000,2022-08-30t23:17:00.000,ryanair,fr,ryr,2797,fr2797,ryr2797,5b,n,34.0,13.0,c45,,,
departure,active,ext,egte,2022-08-31t08:55:00.000,2022-08-31t08:55:00.000,,,,agp,lemg,2022-08-31t12:25:00.000,,ryanair,fr,ryr,3524,fr3524,ryr3524,,,,,,,,
departure,active,ext,egte,2022-08-17t13:50:00.000,,,,,rho,lgrp,2022-08-17t19:55:00.000,,tui airways,by,tom,6340,by6340,tom6340,,,,,,,,
departure,active,ext,egte,2022-08-18t17:35:00.000,,,,,dlm,ltbs,2022-08-18t23:50:00.000,,tui airways,by,tom,462,by462,tom462,,i,,,,,,
departure,active,ext,egte,2022-08-19t06:00:00.000,,,,,mah,lemh,2022-08-19t09:10:00.000,,tui airways,by,tom,6500,by6500,tom6500,04,ter1,,,,,,
departure,active,ext,egte,2022-08-22t13:10:00.000,,,,,dlm,ltbs,2022-08-22t19:35:00.000,,tui airways,by,tom,676,by676,tom676,,i,,,,,,
departure,active,ext,egte,2022-09-03t16:40:00.000,2022-09-03t16:40:00.000,2022-09-03t16:43:00.000,2022-09-03t16:43:00.000,2022-09-03t16:43:00.000,alc,leal,2022-09-03t20:00:00.000,2022-09-03t19:42:00.000,ryanair,fr,ryr,2797,fr2797,ryr2797,7b,n,3.0,,45,,,
departure,active,ext,egte,2022-09-06t19:45:00.000,2022-09-06t19:45:00.000,,,,alc,leal,2022-09-06t23:05:00.000,,ryanair,fr,ryr,2797,fr2797,ryr2797,4b,,,,,,,
departure,active,ext,egte,2022-09-10t16:40:00.000,2022-09-10t16:40:00.000,2022-09-10t16:42:00.000,2022-09-10t16:42:00.000,2022-09-10t16:42:00.000,alc,leal,2022-09-10t20:00:00.000,2022-09-10t19:40:00.000,ryanair,fr,ryr,2797,fr2797,ryr2797,3b,n,2.0,,45,,,
departure,active,ext,egte,2022-09-13t19:45:00.000,2022-09-13t19:45:00.000,2022-09-13t20:08:00.000,2022-09-13t20:08:00.000,2022-09-13t20:08:00.000,alc,leal,2022-09-13t23:05:00.000,2022-09-13t23:07:00.000,ryanair,fr,ryr,2797,fr2797,ryr2797,5b,,24.0,2.0,,,,
departure,active,ext,egte,2022-09-17t16:40:00.000,2022-09-17t16:40:00.000,,,,alc,leal,2022-09-17t20:00:00.000,,ryanair,fr,ryr,2797,fr2797,ryr2797,3b,,,,,,,
departure,active,ext,egte,2022-09-20t19:45:00.000,2022-09-20t19:45:00.000,,,,alc,leal,2022-09-20t23:05:00.000,,ryanair,fr,ryr,2797,fr2797,ryr2797,4b,,,,,,,
departure,active,ext,egte,2022-09-24t16:40:00.000,2022-09-24t16:40:00.000,2022-09-24t16:39:00.000,2022-09-24t16:39:00.000,2022-09-24t16:39:00.000,alc,leal,2022-09-24t20:00:00.000,2022-09-24t19:36:00.000,ryanair,fr,ryr,2797,fr2797,ryr2797,4b,n,,,45,,,
departure,active,ext,egte,2022-09-27t19:45:00.000,2022-09-27t20:00:00.000,,,,alc,leal,2022-09-27t23:05:00.000,,ryanair,fr,ryr,2797,fr2797,ryr2797,4b,n,15.0,,c45,,,
departure,active,ext,egte,2022-09-07t13:50:00.000,,,,,rho,lgrp,2022-09-07t19:55:00.000,,tui airways,by,tom,6340,by6340,tom6340,,,,,,,,
departure,active,ext,egte,2022-09-17t13:20:00.000,2022-09-17t14:50:00.000,,,,pfo,lcph,2022-09-17t19:55:00.000,,tui airways,by,tom,6682,by6682,tom6682,,,90.0,,,,,
departure,active,ext,egte,2022-09-18t08:20:00.000,2022-09-18t08:20:00.000,,,,zth,lgza,2022-09-18t13:55:00.000,,tui airways,by,tom,6788,by6788,tom6788,,,,,,,,
departure,active,ext,egte,2022-09-18t17:45:00.000,2022-09-18t17:45:00.000,,,,ace,gcrr,2022-09-18t21:35:00.000,,tui airways,by,tom,6700,by6700,tom6700,4,1,,,,,,
departure,active,ext,egte,2022-09-19t06:00:00.000,,,,,mah,lemh,2022-09-19t09:10:00.000,,tui airways,by,tom,6138,by6138,tom6138,04,ter1,,,,,,
departure,active,ext,egte,2022-09-19t13:10:00.000,2022-09-19t13:10:00.000,,,,dlm,ltbs,2022-09-19t19:35:00.000,,tui airways,by,tom,676,by676,tom676,,i,,,,,,
departure,active,ext,egte,2022-09-20t07:10:00.000,2022-09-20t07:10:00.000,,,,pmi,lepa,2022-09-20t10:20:00.000,,tui airways,by,tom,6200,by6200,tom6200,04,,,,,,,
departure,active,ext,egte,2022-09-20t15:10:00.000,2022-09-20t15:10:00.000,2022-09-20t15:07:00.000,2022-09-20t15:07:00.000,2022-09-20t15:07:00.000,her,lgir,2022-09-20t21:15:00.000,2022-09-20t20:44:00.000,tui airways,by,tom,6264,by6264,tom6264,,,,,,,,
departure,active,ext,egte,2022-09-21t06:30:00.000,,2022-09-21t06:42:00.000,2022-09-21t06:42:00.000,2022-09-21t06:42:00.000,ibz,leib,2022-09-21t09:50:00.000,2022-09-21t09:34:00.000,tui airways,by,tom,6336,by6336,tom6336,08,1,12.0,,,,,
departure,active,ext,egte,2022-09-21t13:50:00.000,2022-09-21t13:50:00.000,,,,rho,lgrp,2022-09-21t19:55:00.000,,tui airways,by,tom,6340,by6340,tom6340,,,,,,,,
departure,active,ext,egte,2022-09-21t13:50:00.000,2022-09-21t14:00:00.000,,,,rho,lgrp,2022-09-21t19:38:00.000,,tui airways,by,tom,340,by340,tom340,,,10.0,,,,,
departure,active,ext,egte,2022-09-22t08:35:00.000,,,,,zth,lgza,2022-09-22t14:00:00.000,,tui airways,by,tom,6442,by6442,tom6442,,,,,,,,
departure,active,ext,egte,2022-09-22t17:35:00.000,2022-09-22t17:35:00.000,2022-09-22t17:49:00.000,2022-09-22t17:49:00.000,2022-09-22t17:49:00.000,dlm,ltbs,2022-09-22t23:50:00.000,2022-09-22t23:41:00.000,tui airways,by,tom,462,by462,tom462,,i,14.0,,,,,
departure,active,ext,egte,2022-09-23t06:00:00.000,2022-09-23t06:00:00.000,,,,mah,lemh,2022-09-23t09:10:00.000,,tui airways,by,tom,6500,by6500,tom6500,05,ter1,,,,,,
departure,active,ext,egte,2022-09-23t12:40:00.000,2022-09-23t12:40:00.000,2022-09-23t12:45:00.000,2022-09-23t12:45:00.000,2022-09-23t12:45:00.000,cfu,lgkr,2022-09-23t17:55:00.000,2022-09-23t17:38:00.000,tui airways,by,tom,6542,by6542,tom6542,,,5.0,,,,,
departure,active,ext,egte,2022-09-24t06:25:00.000,2022-09-24t06:25:00.000,,,,pmi,lepa,2022-09-24t09:35:00.000,,tui airways,by,tom,6600,by6600,tom6600,06,,,,,,,
departure,active,ext,egte,2022-09-24t13:20:00.000,2022-09-24t13:20:00.000,,,,pfo,lcph,2022-09-24t19:55:00.000,,tui airways,by,tom,6682,by6682,tom6682,,,,,,,,
departure,active,ext,egte,2022-09-25t08:20:00.000,2022-09-25t08:20:00.000,,,,zth,lgza,2022-09-25t13:55:00.000,,tui airways,by,tom,6788,by6788,tom6788,,,,,,,,
departure,active,ext,egte,2022-09-25t17:45:00.000,2022-09-25t17:45:00.000,,,,ace,gcrr,2022-09-25t21:35:00.000,,tui airways,by,tom,6700,by6700,tom6700,5,1,,,,,,
departure,active,ext,egte,2022-09-26t06:00:00.000,,,,,mah,lemh,2022-09-26t09:10:00.000,,tui airways,by,tom,6138,by6138,tom6138,04,ter1,,,,,,
departure,active,ext,egte,2022-09-27t07:10:00.000,,2022-09-27t07:11:00.000,2022-09-27t07:11:00.000,2022-09-27t07:11:00.000,pmi,lepa,2022-09-27t10:20:00.000,2022-09-27t10:04:00.000,tui airways,by,tom,6200,by6200,tom6200,01,,2.0,,,,,
departure,active,ext,egte,2022-09-28t06:30:00.000,,,,,ibz,leib,2022-09-28t09:50:00.000,,tui airways,by,tom,6336,by6336,tom6336,09,1,,,,,,
departure,active,ext,egte,2022-09-28t13:50:00.000,2022-09-28t14:00:00.000,,,,rho,lgrp,2022-09-28t19:45:00.000,,tui airways,by,tom,340,by340,tom340,,,10.0,,,,,
departure,active,ext,egte,2022-09-29t08:35:00.000,,2022-09-29t08:53:00.000,2022-09-29t08:53:00.000,2022-09-29t08:53:00.000,zth,lgza,2022-09-29t14:00:00.000,2022-09-29t13:48:00.000,tui airways,by,tom,6442,by6442,tom6442,,,19.0,,,,,
departure,active,ext,egte,2022-09-30t12:40:00.000,2022-09-30t12:40:00.000,2022-09-30t12:51:00.000,2022-09-30t12:51:00.000,2022-09-30t12:51:00.000,cfu,lgkr,2022-09-30t17:55:00.000,2022-09-30t17:43:00.000,tui airways,by,tom,6542,by6542,tom6542,,,11.0,,,,,
departure,active,ext,egte,2022-10-01t16:40:00.000,2022-10-01t16:40:00.000,2022-10-01t16:53:00.000,2022-10-01t16:53:00.000,2022-10-01t16:53:00.000,alc,leal,2022-10-01t20:00:00.000,2022-10-01t19:50:00.000,ryanair,fr,ryr,2797,fr2797,ryr2797,3b,n,13.0,,45,,,
departure,active,ext,egte,2022-10-04t19:45:00.000,2022-10-04t19:45:00.000,,,,alc,leal,2022-10-04t23:05:00.000,,ryanair,fr,ryr,2797,fr2797,ryr2797,4b,n,,,c45,,,
departure,active,ext,egte,2022-10-08t16:40:00.000,2022-10-08t16:40:00.000,2022-10-08t16:40:00.000,2022-10-08t16:40:00.000,2022-10-08t16:40:00.000,alc,leal,2022-10-08t20:00:00.000,2022-10-08t19:38:00.000,ryanair,fr,ryr,2797,fr2797,ryr2797,3b,n,1.0,,45,,,
departure,active,ext,egte,2022-10-11t19:45:00.000,2022-10-11t19:45:00.000,2022-10-11t20:41:00.000,2022-10-11t20:41:00.000,2022-10-11t20:41:00.000,alc,leal,2022-10-11t23:05:00.000,,ryanair,fr,ryr,2797,fr2797,ryr2797,4b,n,57.0,,c45,,,
departure,active,ext,egte,2022-10-15t16:40:00.000,2022-10-15t16:40:00.000,,,,alc,leal,2022-10-15t20:00:00.000,,ryanair,fr,ryr,2797,fr2797,ryr2797,5b,,,,,,,
departure,active,ext,egte,2022-10-18t19:45:00.000,2022-10-18t19:45:00.000,,,,alc,leal,2022-10-18t23:05:00.000,,ryanair,fr,ryr,2797,fr2797,ryr2797,4b,,,,,,,
departure,active,ext,egte,2022-10-22t16:40:00.000,2022-10-22t16:40:00.000,2022-10-22t17:11:00.000,2022-10-22t17:11:00.000,2022-10-22t17:11:00.000,alc,leal,2022-10-22t20:00:00.000,2022-10-22t20:10:00.000,ryanair,fr,ryr,2797,fr2797,ryr2797,5b,n,31.0,10.0,45,,,
departure,active,ext,egte,2022-10-25t19:45:00.000,2022-10-25t19:45:00.000,2022-10-25t19:39:00.000,2022-10-25t19:39:00.000,2022-10-25t19:39:00.000,alc,leal,2022-10-25t23:05:00.000,2022-10-25t22:37:00.000,ryanair,fr,ryr,2797,fr2797,ryr2797,5b,,,,,,,
departure,active,ext,egte,2022-10-29t16:40:00.000,2022-10-29t16:40:00.000,2022-10-29t16:28:00.000,2022-10-29t16:28:00.000,2022-10-29t16:28:00.000,alc,leal,2022-10-29t20:00:00.000,2022-10-29t19:31:00.000,ryanair,fr,ryr,2797,fr2797,ryr2797,5b,n,,,45,,,
departure,active,ext,egte,2022-10-30t15:45:00.000,2022-10-30t15:45:00.000,,,,alc,leal,2022-10-30t19:05:00.000,,ryanair,fr,ryr,2797,fr2797,ryr2797,7b,n,,,c45,,,
departure,active,ext,egte,2022-10-01t06:25:00.000,,,,,pmi,lepa,2022-10-01t09:35:00.000,,tui airways,by,tom,6600,by6600,tom6600,03,,,,,,,
departure,active,ext,egte,2022-10-01t13:20:00.000,,2022-10-01t13:13:00.000,2022-10-01t13:13:00.000,2022-10-01t13:13:00.000,pfo,lcph,2022-10-01t19:55:00.000,2022-10-01t19:17:00.000,tui airways,by,tom,6682,by6682,tom6682,,,,,,,,
departure,active,ext,egte,2022-10-02t06:05:00.000,,2022-10-02t06:03:00.000,2022-10-02t06:03:00.000,2022-10-02t06:03:00.000,ace,gcrr,2022-10-02t09:55:00.000,2022-10-02t09:34:00.000,tui airways,by,tom,6700,by6700,tom6700,5,1,,,,,,
departure,active,ext,egte,2022-10-03t06:00:00.000,,,,,mah,lemh,2022-10-03t09:10:00.000,,tui airways,by,tom,6138,by6138,tom6138,05,ter1,,,,,,
departure,active,ext,egte,2022-10-03t13:10:00.000,,2022-10-03t13:05:00.000,2022-10-03t13:05:00.000,2022-10-03t13:05:00.000,lpa,gclp,2022-10-03t17:10:00.000,2022-10-03t16:51:00.000,tui airways,by,tom,6170,by6170,tom6170,37,,,,,,,
departure,active,ext,egte,2022-10-05t06:30:00.000,,,,,ibz,leib,2022-10-05t09:50:00.000,,tui airways,by,tom,6336,by6336,tom6336,09,1,,,,,,
departure,active,ext,egte,2022-10-05t13:50:00.000,,2022-10-05t13:57:00.000,2022-10-05t13:57:00.000,2022-10-05t13:57:00.000,pmi,lepa,2022-10-05t17:00:00.000,2022-10-05t16:45:00.000,tui airways,by,tom,6332,by6332,tom6332,05,,8.0,,,,,
departure,active,ext,egte,2022-10-06t08:35:00.000,,2022-10-06t08:34:00.000,2022-10-06t08:34:00.000,2022-10-06t08:34:00.000,zth,lgza,2022-10-06t14:00:00.000,2022-10-06t13:42:00.000,tui airways,by,tom,6442,by6442,tom6442,,,,,,,,
departure,active,ext,egte,2022-10-06t17:35:00.000,,2022-10-06t17:30:00.000,2022-10-06t17:30:00.000,2022-10-06t17:30:00.000,ace,gcrr,2022-10-06t21:25:00.000,2022-10-06t21:09:00.000,tui airways,by,tom,6462,by6462,tom6462,4,1,,,,,,
departure,active,ext,egte,2022-10-07t08:05:00.000,,,,,cfu,lgkr,2022-10-07t13:20:00.000,,tui airways,by,tom,6542,by6542,tom6542,,,,,,,,
departure,active,ext,egte,2022-10-07t16:45:00.000,,,,,tfs,gcts,2022-10-07t20:50:00.000,,tui airways,by,tom,6584,by6584,tom6584,a1,,,,,,,
departure,active,ext,egte,2022-10-08t06:25:00.000,2022-10-08t06:25:00.000,,,,pmi,lepa,2022-10-08t09:35:00.000,,tui airways,by,tom,6600,by6600,tom6600,05,,,,,,,
departure,active,ext,egte,2022-10-08t13:20:00.000,,2022-10-08t14:00:00.000,2022-10-08t14:00:00.000,2022-10-08t14:00:00.000,pfo,lcph,2022-10-08t19:55:00.000,2022-10-08t20:10:00.000,tui airways,by,tom,6682,by6682,tom6682,,,41.0,15.0,,,,
departure,active,ext,egte,2022-10-09t06:05:00.000,2022-10-09t06:05:00.000,,,,ace,gcrr,2022-10-09t09:55:00.000,,tui airways,by,tom,6700,by6700,tom6700,5,1,,,,,,
departure,active,ext,egte,2022-10-10t06:00:00.000,2022-10-10t06:00:00.000,,,,mah,lemh,2022-10-10t09:10:00.000,,tui airways,by,tom,6138,by6138,tom6138,05,ter1,,,,,,
departure,active,ext,egte,2022-10-10t13:10:00.000,,2022-10-10t13:25:00.000,2022-10-10t13:25:00.000,2022-10-10t13:25:00.000,lpa,gclp,2022-10-10t17:10:00.000,2022-10-10t17:04:00.000,tui airways,by,tom,6170,by6170,tom6170,35,,15.0,,,,,
departure,active,ext,egte,2022-10-11t07:10:00.000,,2022-10-11t07:20:00.000,2022-10-11t07:20:00.000,2022-10-11t07:20:00.000,pmi,lepa,2022-10-11t10:20:00.000,2022-10-11t10:04:00.000,tui airways,by,tom,6200,by6200,tom6200,01,,10.0,,,,,
departure,active,ext,egte,2022-10-11t14:05:00.000,,,,,tfs,gcts,2022-10-11t18:10:00.000,,tui airways,by,tom,6242,by6242,tom6242,a7,,,,,,,
departure,active,ext,egte,2022-10-12t06:30:00.000,,,,,ibz,leib,2022-10-12t09:50:00.000,,tui airways,by,tom,6336,by6336,tom6336,09,1,,,,,,
departure,active,ext,egte,2022-10-12t13:50:00.000,,2022-10-12t13:51:00.000,2022-10-12t13:51:00.000,2022-10-12t13:51:00.000,pmi,lepa,2022-10-12t17:00:00.000,2022-10-12t16:43:00.000,tui airways,by,tom,6332,by6332,tom6332,06,,1.0,,,,,
departure,active,ext,egte,2022-10-13t08:35:00.000,,2022-10-13t08:35:00.000,2022-10-13t08:35:00.000,2022-10-13t08:35:00.000,zth,lgza,2022-10-13t14:00:00.000,2022-10-13t13:44:00.000,tui airways,by,tom,6442,by6442,tom6442,,,1.0,,,,,
departure,active,ext,egte,2022-10-13t17:35:00.000,,,,,ace,gcrr,2022-10-13t21:25:00.000,,tui airways,by,tom,6462,by6462,tom6462,3,1,,,,,,
departure,active,ext,egte,2022-10-14t08:05:00.000,,,,,cfu,lgkr,2022-10-14t13:20:00.000,,tui airways,by,tom,6542,by6542,tom6542,,,,,,,,
departure,active,ext,egte,2022-10-14t16:45:00.000,,,,,tfs,gcts,2022-10-14t20:50:00.000,,tui airways,by,tom,6584,by6584,tom6584,b3,,,,,,,
departure,active,ext,egte,2022-10-15t06:25:00.000,2022-10-15t06:25:00.000,,,,pmi,lepa,2022-10-15t09:35:00.000,,tui airways,by,tom,6600,by6600,tom6600,04,,,,,,,
departure,active,ext,egte,2022-10-15t13:20:00.000,,,,,pfo,lcph,2022-10-15t19:55:00.000,,tui airways,by,tom,6682,by6682,tom6682,,,,,,,,
departure,active,ext,egte,2022-10-16t06:05:00.000,,2022-10-16t06:00:00.000,2022-10-16t06:00:00.000,2022-10-16t06:00:00.000,ace,gcrr,2022-10-16t09:55:00.000,,tui airways,by,tom,6700,by6700,tom6700,3,1,,,,2022-10-16t09:55:00.000,2022-10-16t09:55:00.000,2022-10-16t09:55:00.000
departure,active,ext,egte,2022-10-17t06:00:00.000,,2022-10-17t05:56:00.000,2022-10-17t05:56:00.000,2022-10-17t05:56:00.000,mah,lemh,2022-10-17t09:10:00.000,2022-10-17t08:51:00.000,tui airways,by,tom,6138,by6138,tom6138,06,ter1,,,,,,
departure,active,ext,egte,2022-10-17t13:10:00.000,,2022-10-17t13:14:00.000,2022-10-17t13:14:00.000,2022-10-17t13:14:00.000,lpa,gclp,2022-10-17t17:10:00.000,2022-10-17t16:55:00.000,tui airways,by,tom,6170,by6170,tom6170,36,,5.0,,,,,
departure,active,ext,egte,2022-10-18t07:10:00.000,,,,,pmi,lepa,2022-10-18t10:20:00.000,,tui airways,by,tom,6200,by6200,tom6200,04,,,,,,,
departure,active,ext,egte,2022-10-18t14:05:00.000,,2022-10-18t14:04:00.000,2022-10-18t14:04:00.000,2022-10-18t14:04:00.000,tfs,gcts,2022-10-18t18:10:00.000,2022-10-18t17:38:00.000,tui airways,by,tom,6242,by6242,tom6242,a3,,,,,,,
departure,active,ext,egte,2022-10-19t13:50:00.000,,2022-10-19t13:53:00.000,2022-10-19t13:53:00.000,2022-10-19t13:53:00.000,pmi,lepa,2022-10-19t17:00:00.000,2022-10-19t16:47:00.000,tui airways,by,tom,6332,by6332,tom6332,05,,3.0,,,,,
departure,active,ext,egte,2022-10-20t08:35:00.000,,,,,zth,lgza,2022-10-20t14:00:00.000,,tui airways,by,tom,6442,by6442,tom6442,,,,,,,,
departure,active,ext,egte,2022-10-20t17:35:00.000,,2022-10-20t17:48:00.000,2022-10-20t17:48:00.000,2022-10-20t17:48:00.000,ace,gcrr,2022-10-20t21:25:00.000,2022-10-20t21:05:00.000,tui airways,by,tom,6462,by6462,tom6462,3,1,14.0,,,,,
departure,active,ext,egte,2022-10-21t08:05:00.000,,2022-10-21t08:21:00.000,2022-10-21t08:21:00.000,2022-10-21t08:21:00.000,cfu,lgkr,2022-10-21t13:20:00.000,2022-10-21t13:16:00.000,tui airways,by,tom,6542,by6542,tom6542,,,17.0,,,,,
departure,active,ext,egte,2022-10-21t16:45:00.000,2022-10-21t16:45:00.000,2022-10-21t17:30:00.000,2022-10-21t17:30:00.000,2022-10-21t17:30:00.000,tfs,gcts,2022-10-21t20:50:00.000,2022-10-21t21:07:00.000,tui airways,by,tom,6584,by6584,tom6584,b6,,46.0,17.0,,,,
departure,active,ext,egte,2022-10-22t06:25:00.000,,,,,pmi,lepa,2022-10-22t09:35:00.000,,tui airways,by,tom,6600,by6600,tom6600,03,,,,,,,
departure,active,ext,egte,2022-10-30t06:05:00.000,,,,,ace,gcrr,2022-10-30t09:55:00.000,,tui airways,by,tom,6700,by6700,tom6700,1,1,,,,,,
departure,active,ext,egte,2022-11-05t11:10:00.000,2022-11-05t11:10:00.000,,,,agp,lemg,2022-11-05t14:40:00.000,,ryanair,fr,ryr,3524,fr3524,ryr3524,,,,,45,,,
departure,active,ext,egte,2022-11-06t15:45:00.000,2022-11-06t15:45:00.000,2022-11-06t15:50:00.000,2022-11-06t15:50:00.000,2022-11-06t15:50:00.000,alc,leal,2022-11-06t19:05:00.000,2022-11-06t18:57:00.000,ryanair,fr,ryr,2797,fr2797,ryr2797,7b,n,6.0,,c45,,,
departure,active,ext,egte,2022-11-12t11:10:00.000,2022-11-12t11:10:00.000,2022-11-12t11:24:00.000,2022-11-12t11:24:00.000,2022-11-12t11:24:00.000,agp,lemg,2022-11-12t14:40:00.000,,ryanair,fr,ryr,3524,fr3524,ryr3524,,,15.0,,45,,,
departure,active,ext,egte,2022-11-13t15:45:00.000,2022-11-13t15:45:00.000,2022-11-13t15:48:00.000,2022-11-13t15:48:00.000,2022-11-13t15:48:00.000,alc,leal,2022-11-13t19:05:00.000,2022-11-13t18:55:00.000,ryanair,fr,ryr,2797,fr2797,ryr2797,7b,n,3.0,,45,,,
departure,active,ext,egte,2022-11-19t11:10:00.000,2022-11-19t11:25:00.000,2022-11-19t11:43:00.000,2022-11-19t11:43:00.000,2022-11-19t11:43:00.000,agp,lemg,2022-11-19t14:40:00.000,2022-11-19t14:54:00.000,ryanair,fr,ryr,3524,fr3524,ryr3524,,,34.0,14.0,,,,
departure,active,ext,egte,2022-11-20t15:45:00.000,2022-11-20t15:55:00.000,,,,alc,leal,2022-11-20t19:05:00.000,,ryanair,fr,ryr,2797,fr2797,ryr2797,7b,n,10.0,,c45,,,
departure,active,ext,egte,2022-11-26t11:10:00.000,2022-11-26t11:25:00.000,2022-11-26t11:23:00.000,2022-11-26t11:23:00.000,2022-11-26t11:23:00.000,agp,lemg,2022-11-26t14:40:00.000,2022-11-26t14:28:00.000,ryanair,fr,ryr,3524,fr3524,ryr3524,,,14.0,,,,,
departure,active,ext,egte,2022-11-27t15:45:00.000,2022-11-27t15:45:00.000,2022-11-27t15:47:00.000,2022-11-27t15:47:00.000,2022-11-27t15:47:00.000,alc,leal,2022-11-27t19:05:00.000,2022-11-27t18:53:00.000,ryanair,fr,ryr,2797,fr2797,ryr2797,7b,,2.0,,,,,
departure,active,ext,egte,2022-12-03t11:10:00.000,2022-12-03t11:15:00.000,2022-12-03t11:30:00.000,2022-12-03t11:30:00.000,2022-12-03t11:30:00.000,agp,lemg,2022-12-03t14:40:00.000,2022-12-03t14:34:00.000,ryanair,fr,ryr,3524,fr3524,ryr3524,,,21.0,,,,,
departure,active,ext,egte,2022-12-04t15:45:00.000,2022-12-04t15:45:00.000,2022-12-04t15:48:00.000,2022-12-04t15:48:00.000,2022-12-04t15:48:00.000,alc,leal,2022-12-04t19:05:00.000,2022-12-04t18:50:00.000,ryanair,fr,ryr,2797,fr2797,ryr2797,7b,n,3.0,,c45,,,
departure,active,ext,egte,2022-12-10t11:10:00.000,2022-12-10t11:25:00.000,,,,agp,lemg,2022-12-10t14:40:00.000,,ryanair,fr,ryr,3524,fr3524,ryr3524,,,15.0,,,,,
departure,active,ext,egte,2022-12-11t15:45:00.000,2022-12-11t15:45:00.000,,,,alc,leal,2022-12-11t19:05:00.000,,ryanair,fr,ryr,2797,fr2797,ryr2797,7b,n,,,c45,,,
departure,active,ext,egte,2022-12-17t11:10:00.000,2022-12-17t13:05:00.000,,,,agp,lemg,2022-12-17t14:40:00.000,,ryanair,fr,ryr,3524,fr3524,ryr3524,,,115.0,,,,,
departure,active,ext,egte,2022-12-18t15:45:00.000,2022-12-18t15:45:00.000,,,,alc,leal,2022-12-18t19:05:00.000,,ryanair,fr,ryr,2797,fr2797,ryr2797,7b,n,,,c45,,,
